Domain name;Word Segmentation;Price;Is Geo Domain;Geo Location;Keywords;Quality & Special Features;Target Audience & Uses
2121st.com;2121,st;10000;FAUX;;short, concise, brandable, memorable, premium;Versatile brandable domain for innovative digital ventures.;Tech investors | Innovation ventures | Digital enterprises
aidatagarden.com;ai,data,garden;10500;FAUX;;artificial intelligence, machine learning, automation, cognitive tech, data analytics, big data, insights, business intelligence, growth, cultivation;AI + data convergence domain. Perfect for next-gen analytics and machine learning platforms.;AI startups | ML platforms | Analytics firms | BI platforms | Tech investors | Innovation ventures | Digital enterprises
aimukaab.com;ai,mukaab;14000;VRAI;The Mukaab, Riyadh;artificial intelligence, machine learning, automation, cognitive tech, The Mukaab, Riyadh, high SEO, local authority, geographic;Strategic Riyadh downtown domain tied to The Mukaab development. Prime positioning for Saudi PropTech and urban innovation.;Smart city developers | Regional tech hubs | PropTech ventures | AI startups | ML platforms | Tech investors | Innovation ventures | Digital enterprises
aimurabba.com;ai,murabba;10000;FAUX;;artificial intelligence, machine learning, automation, cognitive tech;AI-focused domain for machine learning and intelligent automation ventures.;AI startups | ML platforms | Tech investors | Innovation ventures | Digital enterprises
aitelosa.com;ai,telosa;14000;VRAI;Telosa, USA;artificial intelligence, machine learning, automation, cognitive tech, Telosa, USA, high SEO, local authority, geographic;Exclusive Telosa smart city domain—Marc Lore's $400B project. First-mover advantage for sustainable urban tech.;Smart city developers | Regional tech hubs | PropTech ventures | AI startups | ML platforms | Tech investors | Innovation ventures | Digital enterprises
aivcoding.com;ai,v,coding;10000;FAUX;;artificial intelligence, machine learning, automation, cognitive tech, programming, software development, developers, vibe coding;AI-focused domain for machine learning and intelligent automation ventures.;AI startups | ML platforms | Dev bootcamps | Tech education | Tech investors | Innovation ventures | Digital enterprises
alonecoder.com;alone,coder;6500;FAUX;;developer, programmer, software engineer;Developer-focused brand for coding education and software communities.;Dev bootcamps | Tech education | Tech investors | Innovation ventures | Digital enterprises
al-ula.xyz;alula;12000;VRAI;AlUla, Saudi Arabia;geographic domain, local authority, high SEO, regional hub, location-based;Geographic domain anchored in AlUla, Saudi Arabia. Local authority with global appeal.;Smart city developers | Regional tech hubs | PropTech ventures | Tech investors | Innovation ventures | Digital enterprises
americaepay.com;america,epay;12500;VRAI;USA;USA, electronic payments, fintech, digital wallet, high SEO, local authority, geographic;Geographic domain anchored in USA. Local authority with global appeal.;Smart city developers | Regional tech hubs | PropTech ventures | Fintech companies | Payment gateways | Tech investors | Innovation ventures | Digital enterprises
asasly.com;asasly;10000;FAUX;;short, concise, brandable, memorable, premium;Versatile brandable domain for innovative digital ventures.;Tech investors | Innovation ventures | Digital enterprises
asgoldmine.com;asgoldmine;6500;FAUX;;concise, brandable, memorable, premium, distinctive;Versatile brandable domain for innovative digital ventures.;Tech investors | Innovation ventures | Digital enterprises
asir.today;asir;12000;VRAI;Asir;geographic domain, local authority, high SEO, regional hub, location-based;Geographic domain anchored in Asir. Local authority with global appeal.;Smart city developers | Regional tech hubs | PropTech ventures | Tech investors | Innovation ventures | Digital enterprises
askirk.com;askirk;10000;FAUX;;short, concise, brandable, memorable, premium;Versatile brandable domain for innovative digital ventures.;Tech investors | Innovation ventures | Digital enterprises
australiaepay.com;australia,epay;11000;VRAI;Australia;Australia, electronic payments, fintech, digital wallet, high SEO, local authority, geographic;Geographic domain anchored in Australia. Local authority with global appeal.;Smart city developers | Regional tech hubs | PropTech ventures | Fintech companies | Payment gateways | Tech investors | Innovation ventures | Digital enterprises
autospinners.com;auto,spinners;6500;FAUX;;brandable, memorable, premium, distinctive, unique;Versatile brandable domain for innovative digital ventures.;Tech investors | Innovation ventures | Digital enterprises
babcockranch.xyz;babcockranch;8500;VRAI;Babcockranch;geographic domain, local authority, high SEO, regional hub, location-based;Geographic domain anchored in Babcockranch. Local authority with global appeal.;Smart city developers | Regional tech hubs | PropTech ventures | Tech investors | Innovation ventures | Digital enterprises
biodivercity.xyz;biodivercity;8500;VRAI;BiodiverCity, Dubai;geographic domain, local authority, high SEO, regional hub, location-based;Geographic domain anchored in BiodiverCity, Dubai. Local authority with global appeal.;Smart city developers | Regional tech hubs | PropTech ventures | Tech investors | Innovation ventures | Digital enterprises
businessmanadvisor.com;businessman,advisor;5000;FAUX;;entrepreneur, executive, business leader;Versatile brandable domain for innovative digital ventures.;Tech investors | Innovation ventures | Digital enterprises
canadaepay.com;canada,epay;12500;VRAI;Canada;Canada, electronic payments, fintech, digital wallet, high SEO, local authority, geographic;Geographic domain anchored in Canada. Local authority with global appeal.;Smart city developers | Regional tech hubs | PropTech ventures | Fintech companies | Payment gateways | Tech investors | Innovation ventures | Digital enterprises
clermontfd.com;clermont,fd;10500;VRAI;Clermontfd;geographic domain, local authority, high SEO, regional hub, location-based;Geographic domain anchored in Clermontfd. Local authority with global appeal.;Smart city developers | Regional tech hubs | PropTech ventures | Tech investors | Innovation ventures | Digital enterprises
clermontferrand.online;clermont,ferrand;7000;VRAI;Clermontferrand;geographic domain, local authority, high SEO, regional hub, location-based;Geographic domain anchored in Clermontferrand. Local authority with global appeal.;Smart city developers | Regional tech hubs | PropTech ventures | Tech investors | Innovation ventures | Digital enterprises
clermontferrand.store;clermont,ferrand;7000;VRAI;Clermontferrand;geographic domain, local authority, high SEO, regional hub, location-based;Geographic domain anchored in Clermontferrand. Local authority with global appeal.;Smart city developers | Regional tech hubs | PropTech ventures | Tech investors | Innovation ventures | Digital enterprises
clotheom.com;cloth,eom;8000;FAUX;;fashion, apparel, clothing brand, e-commerce, retail, textile, wardrobe, style;"Unique brandable name perfect for fashion and clothing ventures. The blend of ""cloth"" with a modern suffix creates memorable branding for apparel e-commerce, fashion boutiques, or textile businesses.";Fashion brands | Clothing e-commerce platforms | Apparel retailers | Textile companies | Fashion startups | Online boutiques | Wardrobe services | Style consultants | Fashion tech | Sustainable fashion ventures
clubpillow.com;club,pillow;6500;FAUX;;home goods, bedding, pillows, sleep products, e-commerce, comfort, interior design, lifestyle;"Memorable brand name combining community (""club"") with comfort products. Perfect for pillow retailers, bedding e-commerce, sleep wellness brands, or home goods marketplaces creating a membership-style shopping experience.";Bedding retailers | Home goods e-commerce | Sleep wellness brands | Pillow manufacturers | Interior design shops | Lifestyle product platforms | Subscription box services | Comfort products stores | Home decor brands | Hospitality suppliers
clubprinces.com;club,princes;6500;FAUX;;brandable, memorable, premium, distinctive, unique;Versatile brandable domain for innovative digital ventures.;Tech investors | Innovation ventures | Digital enterprises
codedenmark.com;code,denmark;10500;VRAI;Denmark;programming, software development, developers, Denmark, high SEO, local authority, geographic;Geographic domain anchored in Denmark. Local authority with global appeal.;Smart city developers | Regional tech hubs | PropTech ventures | Dev bootcamps | Tech education | Tech investors | Innovation ventures | Digital enterprises
codeforking.com;code,forking;6500;FAUX;;programming, software development, developers;Developer-focused brand for coding education and software communities.;Dev bootcamps | Tech education | Tech investors | Innovation ventures | Digital enterprises
commerceneom.com;commerce,neom;12500;VRAI;NEOM, Saudi Arabia;e-commerce, retail, trade, marketplace, NEOM, Saudi Arabia, high SEO, local authority, geographic;Rare NEOM megaproject domain—perfect for Vision 2030 ventures. Instant credibility in Saudi's $500B future city ecosystem.;Smart city developers | Regional tech hubs | PropTech ventures | E-commerce platforms | Online retail | Tech investors | Innovation ventures | Digital enterprises
comneom.com;com,neom;14000;VRAI;NEOM, Saudi Arabia;NEOM, Saudi Arabia, high SEO, local authority, geographic;Rare NEOM megaproject domain—perfect for Vision 2030 ventures. Instant credibility in Saudi's $500B future city ecosystem.;Smart city developers | Regional tech hubs | PropTech ventures | Tech investors | Innovation ventures | Digital enterprises
cryptoconsultai.com;crypto,consult,ai;9000;FAUX;;cryptocurrency, blockchain, web3, DeFi, consulting, advisory, professional services, artificial intelligence, machine learning, automation;AI-focused domain for machine learning and intelligent automation ventures.;AI startups | ML platforms | Blockchain ventures | Web3 projects | Tech investors | Innovation ventures | Digital enterprises
daily-blogs.com;daily,blogs;8500;FAUX;;daily updates, news, recurring content, blogging platform, content creation, publishing;Versatile brandable domain for innovative digital ventures.;Tech investors | Innovation ventures | Digital enterprises
dataconsultai.com;data,consult,ai;9000;FAUX;;data analytics, big data, insights, business intelligence, consulting, advisory, professional services, artificial intelligence, machine learning, automation;AI + data convergence domain. Perfect for next-gen analytics and machine learning platforms.;AI startups | ML platforms | Analytics firms | BI platforms | Tech investors | Innovation ventures | Digital enterprises
dataconsultingai.com;data,consulting,ai;9000;FAUX;;data analytics, big data, insights, business intelligence, business consulting, advisory, strategy, artificial intelligence, machine learning, automation;AI + data convergence domain. Perfect for next-gen analytics and machine learning platforms.;AI startups | ML platforms | Analytics firms | BI platforms | Tech investors | Innovation ventures | Digital enterprises
domainepoch.com;domain,epoch;8500;FAUX;;domain names, websites, digital real estate;Versatile brandable domain for innovative digital ventures.;Tech investors | Innovation ventures | Digital enterprises
dzairepay.com;dzair,epay;16000;VRAI;Dzair;Dzair, electronic payments, fintech, digital wallet, high SEO, local authority, geographic;Geographic domain anchored in Dzair. Local authority with global appeal.;Smart city developers | Regional tech hubs | PropTech ventures | Fintech companies | Payment gateways | Tech investors | Innovation ventures | Digital enterprises
emiratesecosystem.com;emirates,ecosystem;9000;VRAI;UAE;UAE, high SEO, local authority, geographic;Geographic domain anchored in UAE. Local authority with global appeal.;Smart city developers | Regional tech hubs | PropTech ventures | Tech investors | Innovation ventures | Digital enterprises
emiratesepay.com;emirates,epay;12500;VRAI;UAE;UAE, electronic payments, fintech, digital wallet, high SEO, local authority, geographic;Geographic domain anchored in UAE. Local authority with global appeal.;Smart city developers | Regional tech hubs | PropTech ventures | Fintech companies | Payment gateways | Tech investors | Innovation ventures | Digital enterprises
evoteai.com;e,vote,ai;10000;FAUX;;voting, elections, democracy, artificial intelligence, machine learning, automation, cognitive tech;AI-focused domain for machine learning and intelligent automation ventures.;AI startups | ML platforms | Tech investors | Innovation ventures | Digital enterprises
flaxq.com;flaxq;10000;FAUX;;short, concise, brandable, memorable, premium;Versatile brandable domain for innovative digital ventures.;Tech investors | Innovation ventures | Digital enterprises
forexconsultai.com;forex,consult,ai;7000;FAUX;;foreign exchange, currency trading, FX, consulting, advisory, professional services, artificial intelligence, machine learning, automation, cognitive tech;AI-focused domain for machine learning and intelligent automation ventures.;AI startups | ML platforms | Tech investors | Innovation ventures | Digital enterprises
franceepay.com;france,epay;12500;VRAI;France;France, electronic payments, fintech, digital wallet, high SEO, local authority, geographic;Geographic domain anchored in France. Local authority with global appeal.;Smart city developers | Regional tech hubs | PropTech ventures | Fintech companies | Payment gateways | Tech investors | Innovation ventures | Digital enterprises
francestate.com;france,state;10500;VRAI;France;France, high SEO, local authority, geographic;Geographic domain anchored in France. Local authority with global appeal.;Smart city developers | Regional tech hubs | PropTech ventures | Tech investors | Innovation ventures | Digital enterprises
fxneom.com;fx,neom;16000;VRAI;NEOM, Saudi Arabia;NEOM, Saudi Arabia, high SEO, local authority, geographic;Rare NEOM megaproject domain—perfect for Vision 2030 ventures. Instant credibility in Saudi's $500B future city ecosystem.;Smart city developers | Regional tech hubs | PropTech ventures | Tech investors | Innovation ventures | Digital enterprises
hirecaremirates.com;hire,car,emirates;5000;FAUX;;recruitment, staffing, employment, healthcare, wellness, services;Versatile brandable domain for innovative digital ventures.;Tech investors | Innovation ventures | Digital enterprises
hirecarnyc.com;hire,car,nyc;6500;FAUX;;recruitment, staffing, employment, automotive, vehicles, transportation;Versatile brandable domain for innovative digital ventures.;Tech investors | Innovation ventures | Digital enterprises
hirecarparis.com;hire,car,paris;10500;VRAI;Paris;recruitment, staffing, employment, automotive, vehicles, transportation, Paris, high SEO, local authority, geographic;Geographic domain anchored in Paris. Local authority with global appeal.;Smart city developers | Regional tech hubs | PropTech ventures | Tech investors | Innovation ventures | Digital enterprises
hirecarsaudi.com;hire,car,saudi;10500;VRAI;Saudi Arabia;recruitment, staffing, employment, automotive, vehicles, transportation, Saudi Arabia, high SEO, local authority, geographic;Geographic domain anchored in Saudi Arabia. Local authority with global appeal.;Smart city developers | Regional tech hubs | PropTech ventures | Tech investors | Innovation ventures | Digital enterprises
hirecarspain.com;hire,car,spain;12500;VRAI;Spain;recruitment, staffing, employment, automotive, vehicles, transportation, Spain, high SEO, local authority, geographic;Geographic domain anchored in Spain. Local authority with global appeal.;Smart city developers | Regional tech hubs | PropTech ventures | Tech investors | Innovation ventures | Digital enterprises
hireemirates.com;hire,emirates;10500;VRAI;UAE;recruitment, staffing, employment, UAE, high SEO, local authority, geographic;Geographic domain anchored in UAE. Local authority with global appeal.;Smart city developers | Regional tech hubs | PropTech ventures | Tech investors | Innovation ventures | Digital enterprises
hireinneom.com;hire,in,neom;12500;VRAI;NEOM, Saudi Arabia;recruitment, staffing, employment, NEOM, Saudi Arabia, high SEO, local authority, geographic;Rare NEOM megaproject domain—perfect for Vision 2030 ventures. Instant credibility in Saudi's $500B future city ecosystem.;Smart city developers | Regional tech hubs | PropTech ventures | Tech investors | Innovation ventures | Digital enterprises
imukaab.com;i,mukaab;12000;VRAI;The Mukaab, Riyadh;The Mukaab, Riyadh, high SEO, local authority, geographic;Strategic Riyadh downtown domain tied to The Mukaab development. Prime positioning for Saudi PropTech and urban innovation.;Smart city developers | Regional tech hubs | PropTech ventures | Tech investors | Innovation ventures | Digital enterprises
infroxa.com;infroxa;8000;FAUX;;concise, brandable, memorable, premium, distinctive;Versatile brandable domain for innovative digital ventures.;Tech investors | Innovation ventures | Digital enterprises
investinapi.com;invest,in,api;6500;FAUX;;investment, capital, funding, ventures, API development, integration, software;Versatile brandable domain for innovative digital ventures.;Tech investors | Innovation ventures | Digital enterprises
investinly.com;invest,inly;6500;FAUX;;investment, capital, funding, ventures;Versatile brandable domain for innovative digital ventures.;Tech investors | Innovation ventures | Digital enterprises
irelandbiz.com;ireland,biz;10500;VRAI;Ireland;Ireland, business, commerce, enterprise, high SEO, local authority, geographic;Geographic domain anchored in Ireland. Local authority with global appeal.;Smart city developers | Regional tech hubs | PropTech ventures | Tech investors | Innovation ventures | Digital enterprises
italyepay.com;italy,epay;14000;VRAI;Italy;Italy, electronic payments, fintech, digital wallet, high SEO, local authority, geographic;Geographic domain anchored in Italy. Local authority with global appeal.;Smart city developers | Regional tech hubs | PropTech ventures | Fintech companies | Payment gateways | Tech investors | Innovation ventures | Digital enterprises
itelosa.com;i,telosa;12000;VRAI;Telosa, USA;Telosa, USA, high SEO, local authority, geographic;Exclusive Telosa smart city domain—Marc Lore's $400B project. First-mover advantage for sustainable urban tech.;Smart city developers | Regional tech hubs | PropTech ventures | Tech investors | Innovation ventures | Digital enterprises
itryu.com;i,try,u;10000;FAUX;;short, concise, brandable, memorable, premium;Versatile brandable domain for innovative digital ventures.;Tech investors | Innovation ventures | Digital enterprises
ivocally.com;i,vocal,ly;8000;FAUX;;concise, brandable, memorable, premium, distinctive;Versatile brandable domain for innovative digital ventures.;Tech investors | Innovation ventures | Digital enterprises
ivoicely.com;i,voice,ly;8000;FAUX;;voice technology, speech, audio;Voice-tech domain ready for speech AI and conversational platforms.;Voice AI firms | Speech tech | Tech investors | Innovation ventures | Digital enterprises
kaig.xyz;kaig;14000;VRAI;Kaig;geographic domain, local authority, high SEO, regional hub, location-based;Geographic domain anchored in Kaig. Local authority with global appeal.;Smart city developers | Regional tech hubs | PropTech ventures | Tech investors | Innovation ventures | Digital enterprises
kingabdullahgardens.com;king,abdullah,gardens;9000;VRAI;Kingabdullahgardens;geographic domain, local authority, high SEO, regional hub, location-based;Geographic domain anchored in Kingabdullahgardens. Local authority with global appeal.;Smart city developers | Regional tech hubs | PropTech ventures | Tech investors | Innovation ventures | Digital enterprises
knowledgeeconomiccity.xyz;knowledge,economic,city;7000;VRAI;Knowledgeeconomiccity;geographic domain, local authority, high SEO, regional hub, location-based;Geographic domain anchored in Knowledgeeconomiccity. Local authority with global appeal.;Smart city developers | Regional tech hubs | PropTech ventures | Tech investors | Innovation ventures | Digital enterprises
maldivesfloatingcity.xyz;maldives,floating,city;7000;VRAI;Maldivesfloatingcity;geographic domain, local authority, high SEO, regional hub, location-based;Geographic domain anchored in Maldivesfloatingcity. Local authority with global appeal.;Smart city developers | Regional tech hubs | PropTech ventures | Tech investors | Innovation ventures | Digital enterprises
marafy.pro;marafy;12000;VRAI;Marafy;geographic domain, local authority, high SEO, regional hub, location-based;Geographic domain anchored in Marafy. Local authority with global appeal.;Smart city developers | Regional tech hubs | PropTech ventures | Tech investors | Innovation ventures | Digital enterprises
marafy.store;marafy;12000;VRAI;Marafy;geographic domain, local authority, high SEO, regional hub, location-based;Geographic domain anchored in Marafy. Local authority with global appeal.;Smart city developers | Regional tech hubs | PropTech ventures | Tech investors | Innovation ventures | Digital enterprises
marafy.xyz;marafy;12000;VRAI;Marafy;geographic domain, local authority, high SEO, regional hub, location-based;Geographic domain anchored in Marafy. Local authority with global appeal.;Smart city developers | Regional tech hubs | PropTech ventures | Tech investors | Innovation ventures | Digital enterprises
masdarcity.xyz;masdar,city;8500;VRAI;Masdar City, Abu Dhabi;Masdar City, Abu Dhabi, urban, metropolitan, municipal, high SEO, local authority, geographic;Geographic domain anchored in Masdar City, Abu Dhabi. Local authority with global appeal.;Smart city developers | Regional tech hubs | PropTech ventures | Tech investors | Innovation ventures | Digital enterprises
mexicoepay.com;mexico,epay;12500;VRAI;Mexico;Mexico, electronic payments, fintech, digital wallet, high SEO, local authority, geographic;Geographic domain anchored in Mexico. Local authority with global appeal.;Smart city developers | Regional tech hubs | PropTech ventures | Fintech companies | Payment gateways | Tech investors | Innovation ventures | Digital enterprises
monlyst.com;monlyst;8000;FAUX;;concise, brandable, memorable, premium, distinctive;Versatile brandable domain for innovative digital ventures.;Tech investors | Innovation ventures | Digital enterprises
moroccoepay.com;morocco,epay;12500;VRAI;Morocco;Morocco, electronic payments, fintech, digital wallet, high SEO, local authority, geographic;Geographic domain anchored in Morocco. Local authority with global appeal.;Smart city developers | Regional tech hubs | PropTech ventures | Fintech companies | Payment gateways | Tech investors | Innovation ventures | Digital enterprises
mukaabhr.com;mukaab,hr;12000;VRAI;The Mukaab, Riyadh;The Mukaab, Riyadh, human resources, recruitment, talent management, high SEO, local authority, geographic;Strategic Riyadh downtown domain tied to The Mukaab development. Prime positioning for Saudi PropTech and urban innovation.;Smart city developers | Regional tech hubs | PropTech ventures | Tech investors | Innovation ventures | Digital enterprises
mukaabtech.com;mukaab,tech;12500;VRAI;The Mukaab, Riyadh;The Mukaab, Riyadh, technology, innovation, digital, high SEO, local authority, geographic;Strategic Riyadh downtown domain tied to The Mukaab development. Prime positioning for Saudi PropTech and urban innovation.;Smart city developers | Regional tech hubs | PropTech ventures | Tech investors | Innovation ventures | Digital enterprises
murabba.io;murabba;7000;FAUX;;concise, brandable, memorable, premium, distinctive;Versatile brandable domain for innovative digital ventures.;Tech investors | Innovation ventures | Digital enterprises
neomaischool.com;neom,ai,school;14500;VRAI;NEOM, Saudi Arabia;NEOM, Saudi Arabia, artificial intelligence, machine learning, automation, cognitive tech, education, learning, academy, high SEO, local authority;Rare NEOM megaproject domain—perfect for Vision 2030 ventures. Instant credibility in Saudi's $500B future city ecosystem.;Smart city developers | Regional tech hubs | PropTech ventures | AI startups | ML platforms | Tech investors | Innovation ventures | Digital enterprises
neombrandify.com;neom,brandify;12500;VRAI;NEOM, Saudi Arabia;NEOM, Saudi Arabia, high SEO, local authority, geographic;Rare NEOM megaproject domain—perfect for Vision 2030 ventures. Instant credibility in Saudi's $500B future city ecosystem.;Smart city developers | Regional tech hubs | PropTech ventures | Tech investors | Innovation ventures | Digital enterprises
neomcarz.com;neom,carz;14000;VRAI;NEOM, Saudi Arabia;NEOM, Saudi Arabia, cars, automotive, vehicles, high SEO, local authority, geographic;Rare NEOM megaproject domain—perfect for Vision 2030 ventures. Instant credibility in Saudi's $500B future city ecosystem.;Smart city developers | Regional tech hubs | PropTech ventures | Tech investors | Innovation ventures | Digital enterprises
neomecom.com;neom,ecom;14000;VRAI;NEOM, Saudi Arabia;NEOM, Saudi Arabia, e-commerce, online retail, shopping, high SEO, local authority, geographic;Rare NEOM megaproject domain—perfect for Vision 2030 ventures. Instant credibility in Saudi's $500B future city ecosystem.;Smart city developers | Regional tech hubs | PropTech ventures | E-commerce platforms | Online retail | Tech investors | Innovation ventures | Digital enterprises
neomedu.com;neom,edu;14000;VRAI;NEOM, Saudi Arabia;NEOM, Saudi Arabia, education, learning, training, high SEO, local authority, geographic;Rare NEOM megaproject domain—perfect for Vision 2030 ventures. Instant credibility in Saudi's $500B future city ecosystem.;Smart city developers | Regional tech hubs | PropTech ventures | Tech investors | Innovation ventures | Digital enterprises
neomexportimport.com;neom,export,import;11000;VRAI;NEOM, Saudi Arabia;NEOM, Saudi Arabia, international trade, exports, shipping, imports, logistics, high SEO, local authority, geographic;Rare NEOM megaproject domain—perfect for Vision 2030 ventures. Instant credibility in Saudi's $500B future city ecosystem.;Smart city developers | Regional tech hubs | PropTech ventures | Tech investors | Innovation ventures | Digital enterprises
neomhomz.com;neom,homz;14000;VRAI;NEOM, Saudi Arabia;NEOM, Saudi Arabia, homes, housing, residential, high SEO, local authority, geographic;Rare NEOM megaproject domain—perfect for Vision 2030 ventures. Instant credibility in Saudi's $500B future city ecosystem.;Smart city developers | Regional tech hubs | PropTech ventures | Tech investors | Innovation ventures | Digital enterprises
neominvestin.com;neom,invest,in;12500;VRAI;NEOM, Saudi Arabia;NEOM, Saudi Arabia, investment, capital, funding, ventures, high SEO, local authority, geographic;Rare NEOM megaproject domain—perfect for Vision 2030 ventures. Instant credibility in Saudi's $500B future city ecosystem.;Smart city developers | Regional tech hubs | PropTech ventures | Tech investors | Innovation ventures | Digital enterprises
neomirr.com;neom,irr;14000;VRAI;NEOM, Saudi Arabia;NEOM, Saudi Arabia, high SEO, local authority, geographic;Rare NEOM megaproject domain—perfect for Vision 2030 ventures. Instant credibility in Saudi's $500B future city ecosystem.;Smart city developers | Regional tech hubs | PropTech ventures | Tech investors | Innovation ventures | Digital enterprises
neomity.com;neom,ity;14000;VRAI;NEOM, Saudi Arabia;NEOM, Saudi Arabia, high SEO, local authority, geographic;Rare NEOM megaproject domain—perfect for Vision 2030 ventures. Instant credibility in Saudi's $500B future city ecosystem.;Smart city developers | Regional tech hubs | PropTech ventures | Tech investors | Innovation ventures | Digital enterprises
neomjobly.com;neom,job,ly;14000;VRAI;NEOM, Saudi Arabia;NEOM, Saudi Arabia, high SEO, local authority, geographic;Rare NEOM megaproject domain—perfect for Vision 2030 ventures. Instant credibility in Saudi's $500B future city ecosystem.;Smart city developers | Regional tech hubs | PropTech ventures | Tech investors | Innovation ventures | Digital enterprises
neomjobz.com;neom,jobz;14000;VRAI;NEOM, Saudi Arabia;NEOM, Saudi Arabia, high SEO, local authority, geographic;Rare NEOM megaproject domain—perfect for Vision 2030 ventures. Instant credibility in Saudi's $500B future city ecosystem.;Smart city developers | Regional tech hubs | PropTech ventures | Tech investors | Innovation ventures | Digital enterprises
neomlogi.com;neom,logi;14000;VRAI;NEOM, Saudi Arabia;NEOM, Saudi Arabia, high SEO, local authority, geographic;Rare NEOM megaproject domain—perfect for Vision 2030 ventures. Instant credibility in Saudi's $500B future city ecosystem.;Smart city developers | Regional tech hubs | PropTech ventures | Tech investors | Innovation ventures | Digital enterprises
neomopt.com;neom,opt;14000;VRAI;NEOM, Saudi Arabia;NEOM, Saudi Arabia, high SEO, local authority, geographic;Rare NEOM megaproject domain—perfect for Vision 2030 ventures. Instant credibility in Saudi's $500B future city ecosystem.;Smart city developers | Regional tech hubs | PropTech ventures | Tech investors | Innovation ventures | Digital enterprises
neomorg.com;neom,org;14000;VRAI;NEOM, Saudi Arabia;NEOM, Saudi Arabia, high SEO, local authority, geographic;Rare NEOM megaproject domain—perfect for Vision 2030 ventures. Instant credibility in Saudi's $500B future city ecosystem.;Smart city developers | Regional tech hubs | PropTech ventures | Tech investors | Innovation ventures | Digital enterprises
neompool.com;neom,pool;14000;VRAI;NEOM, Saudi Arabia;NEOM, Saudi Arabia, high SEO, local authority, geographic;Rare NEOM megaproject domain—perfect for Vision 2030 ventures. Instant credibility in Saudi's $500B future city ecosystem.;Smart city developers | Regional tech hubs | PropTech ventures | Tech investors | Innovation ventures | Digital enterprises
neomsaas.com;neom,saas;16000;VRAI;NEOM, Saudi Arabia;NEOM, Saudi Arabia, software as service, cloud software, subscription, high SEO, local authority, geographic;Rare NEOM megaproject domain—perfect for Vision 2030 ventures. Instant credibility in Saudi's $500B future city ecosystem.;Smart city developers | Regional tech hubs | PropTech ventures | Tech investors | Innovation ventures | Digital enterprises
neomsol.com;neom,sol;14000;VRAI;NEOM, Saudi Arabia;NEOM, Saudi Arabia, high SEO, local authority, geographic;Rare NEOM megaproject domain—perfect for Vision 2030 ventures. Instant credibility in Saudi's $500B future city ecosystem.;Smart city developers | Regional tech hubs | PropTech ventures | Tech investors | Innovation ventures | Digital enterprises
neomstage.com;neom,stage;14000;VRAI;NEOM, Saudi Arabia;NEOM, Saudi Arabia, high SEO, local authority, geographic;Rare NEOM megaproject domain—perfect for Vision 2030 ventures. Instant credibility in Saudi's $500B future city ecosystem.;Smart city developers | Regional tech hubs | PropTech ventures | Tech investors | Innovation ventures | Digital enterprises
neomtransports.com;neom,transports;11000;VRAI;NEOM, Saudi Arabia;NEOM, Saudi Arabia, high SEO, local authority, geographic;Rare NEOM megaproject domain—perfect for Vision 2030 ventures. Instant credibility in Saudi's $500B future city ecosystem.;Smart city developers | Regional tech hubs | PropTech ventures | Tech investors | Innovation ventures | Digital enterprises
neomuniv.com;neom,univ;14000;VRAI;NEOM, Saudi Arabia;NEOM, Saudi Arabia, high SEO, local authority, geographic;Rare NEOM megaproject domain—perfect for Vision 2030 ventures. Instant credibility in Saudi's $500B future city ecosystem.;Smart city developers | Regional tech hubs | PropTech ventures | Tech investors | Innovation ventures | Digital enterprises
neomurb.com;neom,urb;14000;VRAI;NEOM, Saudi Arabia;NEOM, Saudi Arabia, high SEO, local authority, geographic;Rare NEOM megaproject domain—perfect for Vision 2030 ventures. Instant credibility in Saudi's $500B future city ecosystem.;Smart city developers | Regional tech hubs | PropTech ventures | Tech investors | Innovation ventures | Digital enterprises
neomvent.com;neom,vent;14000;VRAI;NEOM, Saudi Arabia;NEOM, Saudi Arabia, high SEO, local authority, geographic;Rare NEOM megaproject domain—perfect for Vision 2030 ventures. Instant credibility in Saudi's $500B future city ecosystem.;Smart city developers | Regional tech hubs | PropTech ventures | Tech investors | Innovation ventures | Digital enterprises
neovcode.com;neo,vcode;8000;FAUX;;coding, programming, development;Versatile brandable domain for innovative digital ventures.;Tech investors | Innovation ventures | Digital enterprises
neovz.com;neovz;10000;FAUX;;short, concise, brandable, memorable, premium;Versatile brandable domain for innovative digital ventures.;Tech investors | Innovation ventures | Digital enterprises
newmurabba.ai;new,murabba;9500;VRAI;New Murabba, Riyadh;Riyadh downtown, urban development, The Mukaab, city transformation, PropTech, high SEO;Strategic Riyadh downtown domain tied to The Mukaab development. Prime positioning for Saudi PropTech and urban innovation.;Smart city developers | Regional tech hubs | PropTech ventures | Tech investors | Innovation ventures | Digital enterprises
notexr.com;note,xr;10000;FAUX;;short, concise, brandable, memorable, premium;Versatile brandable domain for innovative digital ventures.;Tech investors | Innovation ventures | Digital enterprises
ocatgoninvest.com;ocatgon,invest;5000;FAUX;;investment, capital, funding, ventures;Versatile brandable domain for innovative digital ventures.;Tech investors | Innovation ventures | Digital enterprises
oceanixbusan.xyz;oceanixbusan;8500;VRAI;Oceanix Busan, South Korea;floating city, ocean innovation, sustainable marine, Busan, maritime tech, high SEO;Geographic domain anchored in Oceanix Busan, South Korea. Local authority with global appeal.;Smart city developers | Regional tech hubs | PropTech ventures | Tech investors | Innovation ventures | Digital enterprises
ontariobiz.com;ontario,biz;10500;VRAI;Ontario;Ontario, business, commerce, enterprise, high SEO, local authority, geographic;Geographic domain anchored in Ontario. Local authority with global appeal.;Smart city developers | Regional tech hubs | PropTech ventures | Tech investors | Innovation ventures | Digital enterprises
oxagate.com;oxagate;8000;FAUX;;concise, brandable, memorable, premium, distinctive;Versatile brandable domain for innovative digital ventures.;Tech investors | Innovation ventures | Digital enterprises
oxagonanalytics.com;oxagon,analytics;9000;VRAI;Oxagon, NEOM;Oxagon, NEOM, high SEO, local authority, geographic;Rare NEOM megaproject domain—perfect for Vision 2030 ventures. Instant credibility in Saudi's $500B future city ecosystem.;Smart city developers | Regional tech hubs | PropTech ventures | Tech investors | Innovation ventures | Digital enterprises
oxagonapp.com;oxagon,app;12000;VRAI;Oxagon, NEOM;Oxagon, NEOM, high SEO, local authority, geographic;Rare NEOM megaproject domain—perfect for Vision 2030 ventures. Instant credibility in Saudi's $500B future city ecosystem.;Smart city developers | Regional tech hubs | PropTech ventures | Tech investors | Innovation ventures | Digital enterprises
oxagonaviation.com;oxagon,aviation;9000;VRAI;Oxagon, NEOM;Oxagon, NEOM, aerospace, airlines, flight, high SEO, local authority, geographic;Rare NEOM megaproject domain—perfect for Vision 2030 ventures. Instant credibility in Saudi's $500B future city ecosystem.;Smart city developers | Regional tech hubs | PropTech ventures | Tech investors | Innovation ventures | Digital enterprises
oxagonboats.com;oxagon,boats;10500;VRAI;Oxagon, NEOM;Oxagon, NEOM, marine, nautical, watercraft, high SEO, local authority, geographic;Rare NEOM megaproject domain—perfect for Vision 2030 ventures. Instant credibility in Saudi's $500B future city ecosystem.;Smart city developers | Regional tech hubs | PropTech ventures | Tech investors | Innovation ventures | Digital enterprises
oxagoncare.com;oxagon,care;10500;VRAI;Oxagon, NEOM;Oxagon, NEOM, healthcare, wellness, services, high SEO, local authority, geographic;Rare NEOM megaproject domain—perfect for Vision 2030 ventures. Instant credibility in Saudi's $500B future city ecosystem.;Smart city developers | Regional tech hubs | PropTech ventures | Tech investors | Innovation ventures | Digital enterprises
oxagoncars.com;oxagon,cars;10500;VRAI;Oxagon, NEOM;Oxagon, NEOM, automotive, vehicles, transportation, high SEO, local authority, geographic;Rare NEOM megaproject domain—perfect for Vision 2030 ventures. Instant credibility in Saudi's $500B future city ecosystem.;Smart city developers | Regional tech hubs | PropTech ventures | Tech investors | Innovation ventures | Digital enterprises
oxagoncarz.com;oxagon,carz;10500;VRAI;Oxagon, NEOM;Oxagon, NEOM, cars, automotive, vehicles, high SEO, local authority, geographic;Rare NEOM megaproject domain—perfect for Vision 2030 ventures. Instant credibility in Saudi's $500B future city ecosystem.;Smart city developers | Regional tech hubs | PropTech ventures | Tech investors | Innovation ventures | Digital enterprises
oxagoneat.com;oxagon,eat;12000;VRAI;Oxagon, NEOM;Oxagon, NEOM, high SEO, local authority, geographic;Rare NEOM megaproject domain—perfect for Vision 2030 ventures. Instant credibility in Saudi's $500B future city ecosystem.;Smart city developers | Regional tech hubs | PropTech ventures | Tech investors | Innovation ventures | Digital enterprises
oxagonecom.com;oxagon,ecom;10500;VRAI;Oxagon, NEOM;Oxagon, NEOM, e-commerce, online retail, shopping, high SEO, local authority, geographic;Rare NEOM megaproject domain—perfect for Vision 2030 ventures. Instant credibility in Saudi's $500B future city ecosystem.;Smart city developers | Regional tech hubs | PropTech ventures | E-commerce platforms | Online retail | Tech investors | Innovation ventures | Digital enterprises
oxagonestate.com;oxagon,estate;10500;VRAI;Oxagon, NEOM;Oxagon, NEOM, real estate, property, land, high SEO, local authority, geographic;Rare NEOM megaproject domain—perfect for Vision 2030 ventures. Instant credibility in Saudi's $500B future city ecosystem.;Smart city developers | Regional tech hubs | PropTech ventures | Real estate platforms | Property tech | Tech investors | Innovation ventures | Digital enterprises
oxagonfloat.com;oxagon,float;10500;VRAI;Oxagon, NEOM;Oxagon, NEOM, high SEO, local authority, geographic;Rare NEOM megaproject domain—perfect for Vision 2030 ventures. Instant credibility in Saudi's $500B future city ecosystem.;Smart city developers | Regional tech hubs | PropTech ventures | Tech investors | Innovation ventures | Digital enterprises
oxagonhr.com;oxagon,hr;12000;VRAI;Oxagon, NEOM;Oxagon, NEOM, human resources, recruitment, talent management, high SEO, local authority, geographic;Rare NEOM megaproject domain—perfect for Vision 2030 ventures. Instant credibility in Saudi's $500B future city ecosystem.;Smart city developers | Regional tech hubs | PropTech ventures | Tech investors | Innovation ventures | Digital enterprises
oxagonindustry.com;oxagon,industry;9000;VRAI;Oxagon, NEOM;Oxagon, NEOM, industrial, manufacturing, sector, high SEO, local authority, geographic;Rare NEOM megaproject domain—perfect for Vision 2030 ventures. Instant credibility in Saudi's $500B future city ecosystem.;Smart city developers | Regional tech hubs | PropTech ventures | Tech investors | Innovation ventures | Digital enterprises
oxagoninnovate.com;oxagon,innovate;9000;VRAI;Oxagon, NEOM;Oxagon, NEOM, high SEO, local authority, geographic;Rare NEOM megaproject domain—perfect for Vision 2030 ventures. Instant credibility in Saudi's $500B future city ecosystem.;Smart city developers | Regional tech hubs | PropTech ventures | Tech investors | Innovation ventures | Digital enterprises
oxagoninvest.com;oxagon,invest;10500;VRAI;Oxagon, NEOM;Oxagon, NEOM, investment, capital, funding, ventures, high SEO, local authority, geographic;Rare NEOM megaproject domain—perfect for Vision 2030 ventures. Instant credibility in Saudi's $500B future city ecosystem.;Smart city developers | Regional tech hubs | PropTech ventures | Tech investors | Innovation ventures | Digital enterprises
oxagonjobz.com;oxagon,jobz;10500;VRAI;Oxagon, NEOM;Oxagon, NEOM, high SEO, local authority, geographic;Rare NEOM megaproject domain—perfect for Vision 2030 ventures. Instant credibility in Saudi's $500B future city ecosystem.;Smart city developers | Regional tech hubs | PropTech ventures | Tech investors | Innovation ventures | Digital enterprises
oxagonnetwork.com;oxagon,network;9000;VRAI;Oxagon, NEOM;Oxagon, NEOM, networking, connectivity, infrastructure, high SEO, local authority, geographic;Rare NEOM megaproject domain—perfect for Vision 2030 ventures. Instant credibility in Saudi's $500B future city ecosystem.;Smart city developers | Regional tech hubs | PropTech ventures | Tech investors | Innovation ventures | Digital enterprises
oxagonpro.com;oxagon,pro;12000;VRAI;Oxagon, NEOM;Oxagon, NEOM, professional, premium, expert, high SEO, local authority, geographic;Rare NEOM megaproject domain—perfect for Vision 2030 ventures. Instant credibility in Saudi's $500B future city ecosystem.;Smart city developers | Regional tech hubs | PropTech ventures | Tech investors | Innovation ventures | Digital enterprises
oxagonre.com;oxagon,re;12000;VRAI;Oxagon, NEOM;Oxagon, NEOM, real estate, property, housing, high SEO, local authority, geographic;Rare NEOM megaproject domain—perfect for Vision 2030 ventures. Instant credibility in Saudi's $500B future city ecosystem.;Smart city developers | Regional tech hubs | PropTech ventures | Real estate platforms | Property tech | Tech investors | Innovation ventures | Digital enterprises
oxagonrent.com;oxagon,rent;10500;VRAI;Oxagon, NEOM;Oxagon, NEOM, rental services, leasing, property, high SEO, local authority, geographic;Rare NEOM megaproject domain—perfect for Vision 2030 ventures. Instant credibility in Saudi's $500B future city ecosystem.;Smart city developers | Regional tech hubs | PropTech ventures | Tech investors | Innovation ventures | Digital enterprises
oxagonservice.com;oxagon,service;9000;VRAI;Oxagon, NEOM;Oxagon, NEOM, high SEO, local authority, geographic;Rare NEOM megaproject domain—perfect for Vision 2030 ventures. Instant credibility in Saudi's $500B future city ecosystem.;Smart city developers | Regional tech hubs | PropTech ventures | Tech investors | Innovation ventures | Digital enterprises
oxagonservices.com;oxagon,services;9000;VRAI;Oxagon, NEOM;Oxagon, NEOM, high SEO, local authority, geographic;Rare NEOM megaproject domain—perfect for Vision 2030 ventures. Instant credibility in Saudi's $500B future city ecosystem.;Smart city developers | Regional tech hubs | PropTech ventures | Tech investors | Innovation ventures | Digital enterprises
oxagon.today;oxagon;12000;VRAI;Oxagon, NEOM;floating city, industrial innovation, NEOM, advanced manufacturing, clean energy, logistics hub, high SEO;Rare NEOM megaproject domain—perfect for Vision 2030 ventures. Instant credibility in Saudi's $500B future city ecosystem.;Smart city developers | Regional tech hubs | PropTech ventures | Tech investors | Innovation ventures | Digital enterprises
oxagontourism.com;oxagon,tourism;9000;VRAI;Oxagon, NEOM;Oxagon, NEOM, high SEO, local authority, geographic;Rare NEOM megaproject domain—perfect for Vision 2030 ventures. Instant credibility in Saudi's $500B future city ecosystem.;Smart city developers | Regional tech hubs | PropTech ventures | Tech investors | Innovation ventures | Digital enterprises
oxagonventures.com;oxagon,ventures;9000;VRAI;Oxagon, NEOM;Oxagon, NEOM, venture capital, startups, investment, high SEO, local authority, geographic;Rare NEOM megaproject domain—perfect for Vision 2030 ventures. Instant credibility in Saudi's $500B future city ecosystem.;Smart city developers | Regional tech hubs | PropTech ventures | Tech investors | Innovation ventures | Digital enterprises
pakistanepay.com;pakistan,epay;12500;VRAI;Pakistan;Pakistan, electronic payments, fintech, digital wallet, high SEO, local authority, geographic;Geographic domain anchored in Pakistan. Local authority with global appeal.;Smart city developers | Regional tech hubs | PropTech ventures | Fintech companies | Payment gateways | Tech investors | Innovation ventures | Digital enterprises
qatarepay.com;qatar,epay;14000;VRAI;Qatar;Qatar, electronic payments, fintech, digital wallet, high SEO, local authority, geographic;Geographic domain anchored in Qatar. Local authority with global appeal.;Smart city developers | Regional tech hubs | PropTech ventures | Fintech companies | Payment gateways | Tech investors | Innovation ventures | Digital enterprises
rentcarparis.com;rent,car,paris;10500;VRAI;Paris;rental services, leasing, property, automotive, vehicles, transportation, Paris, high SEO, local authority, geographic;Geographic domain anchored in Paris. Local authority with global appeal.;Smart city developers | Regional tech hubs | PropTech ventures | Tech investors | Innovation ventures | Digital enterprises
rentinneom.com;rent,in,neom;12500;VRAI;NEOM, Saudi Arabia;rental services, leasing, property, NEOM, Saudi Arabia, high SEO, local authority, geographic;Rare NEOM megaproject domain—perfect for Vision 2030 ventures. Instant credibility in Saudi's $500B future city ecosystem.;Smart city developers | Regional tech hubs | PropTech ventures | Tech investors | Innovation ventures | Digital enterprises
russiaepay.com;russia,epay;12500;VRAI;Russia;Russia, electronic payments, fintech, digital wallet, high SEO, local authority, geographic;Geographic domain anchored in Russia. Local authority with global appeal.;Smart city developers | Regional tech hubs | PropTech ventures | Fintech companies | Payment gateways | Tech investors | Innovation ventures | Digital enterprises
saasconsultai.com;saas,consult,ai;9000;FAUX;;software as service, cloud software, subscription, consulting, advisory, professional services, artificial intelligence, machine learning, automation, cognitive tech;AI-focused domain for machine learning and intelligent automation ventures.;AI startups | ML platforms | Tech investors | Innovation ventures | Digital enterprises
saasconsultingai.com;saas,consulting,ai;9000;FAUX;;software as service, cloud software, subscription, business consulting, advisory, strategy, artificial intelligence, machine learning, automation, cognitive tech;AI-focused domain for machine learning and intelligent automation ventures.;AI startups | ML platforms | Tech investors | Innovation ventures | Digital enterprises
saascourtyard.com;saas,courtyard;7000;FAUX;;software as service, cloud software, subscription;Cloud-native SaaS brand for subscription software platforms.;Tech investors | Innovation ventures | Digital enterprises
saaspatio.com;saas,patio;10000;FAUX;;software as service, cloud software, subscription, outdoor living, homes, landscaping;Cloud-native SaaS brand for subscription software platforms.;Tech investors | Innovation ventures | Digital enterprises
saudiarabiaepay.com;saudi,arabia,epay;11000;VRAI;Saudi Arabia;Saudi Arabia, electronic payments, fintech, digital wallet, high SEO, local authority, geographic;Geographic domain anchored in Saudi Arabia. Local authority with global appeal.;Smart city developers | Regional tech hubs | PropTech ventures | Fintech companies | Payment gateways | Tech investors | Innovation ventures | Digital enterprises
saudiarabia-investment.com;saudi,arabia,investment;9000;VRAI;Saudi Arabia;Saudi Arabia, investment, capital, funding, ventures, high SEO, local authority, geographic;Geographic domain anchored in Saudi Arabia. Local authority with global appeal.;Smart city developers | Regional tech hubs | PropTech ventures | Tech investors | Innovation ventures | Digital enterprises
sedra.pro;sedra;12000;VRAI;Sedra;geographic domain, local authority, high SEO, regional hub, location-based;Geographic domain anchored in Sedra. Local authority with global appeal.;Smart city developers | Regional tech hubs | PropTech ventures | Tech investors | Innovation ventures | Digital enterprises
sindalah.io;sindalah;11000;VRAI;Sindalah, NEOM;geographic domain, local authority, high SEO, regional hub, location-based;Geographic domain anchored in Sindalah, NEOM. Local authority with global appeal.;Smart city developers | Regional tech hubs | PropTech ventures | Tech investors | Innovation ventures | Digital enterprises
songdo-dong.com;songdodong;6500;FAUX;;brandable, memorable, premium, distinctive, unique;Versatile brandable domain for innovative digital ventures.;Tech investors | Innovation ventures | Digital enterprises
songdodong.xyz;songdodong;4500;FAUX;;concise, brandable, memorable, premium, distinctive;Versatile brandable domain for innovative digital ventures.;Tech investors | Innovation ventures | Digital enterprises
spainepay.com;spain,epay;16000;VRAI;Spain;Spain, electronic payments, fintech, digital wallet, high SEO, local authority, geographic;Geographic domain anchored in Spain. Local authority with global appeal.;Smart city developers | Regional tech hubs | PropTech ventures | Fintech companies | Payment gateways | Tech investors | Innovation ventures | Digital enterprises
streamworldcup.com;stream,worldcup;5000;FAUX;;streaming, live content, broadcasting, sports, global events, competition;Versatile brandable domain for innovative digital ventures.;Tech investors | Innovation ventures | Digital enterprises
synthtalks.com;synth,talks;6500;FAUX;;concise, brandable, memorable, premium, distinctive;Versatile brandable domain for innovative digital ventures.;Tech investors | Innovation ventures | Digital enterprises
talesbyai.com;tales,by,ai;10000;FAUX;;storytelling, content, narratives, artificial intelligence, machine learning, automation, cognitive tech;AI-focused domain for machine learning and intelligent automation ventures.;AI startups | ML platforms | Tech investors | Innovation ventures | Digital enterprises
telosagpt.com;telosa,gpt;12000;VRAI;Telosa, USA;Telosa, USA, AI language model, generative AI, NLP, high SEO, local authority, geographic;Exclusive Telosa smart city domain—Marc Lore's $400B project. First-mover advantage for sustainable urban tech.;Smart city developers | Regional tech hubs | PropTech ventures | Tech investors | Innovation ventures | Digital enterprises
telosahr.com;telosa,hr;12000;VRAI;Telosa, USA;Telosa, USA, human resources, recruitment, talent management, high SEO, local authority, geographic;Exclusive Telosa smart city domain—Marc Lore's $400B project. First-mover advantage for sustainable urban tech.;Smart city developers | Regional tech hubs | PropTech ventures | Tech investors | Innovation ventures | Digital enterprises
telosahub.com;telosa,hub;12000;VRAI;Telosa, USA;Telosa, USA, central platform, ecosystem, community, high SEO, local authority, geographic;Exclusive Telosa smart city domain—Marc Lore's $400B project. First-mover advantage for sustainable urban tech.;Smart city developers | Regional tech hubs | PropTech ventures | Tech investors | Innovation ventures | Digital enterprises
telosaly.com;telosa,ly;12000;VRAI;Telosa, USA;Telosa, USA, high SEO, local authority, geographic;Exclusive Telosa smart city domain—Marc Lore's $400B project. First-mover advantage for sustainable urban tech.;Smart city developers | Regional tech hubs | PropTech ventures | Tech investors | Innovation ventures | Digital enterprises
telosametro.com;telosa,metro;10500;VRAI;Telosa, USA;Telosa, USA, high SEO, local authority, geographic;Exclusive Telosa smart city domain—Marc Lore's $400B project. First-mover advantage for sustainable urban tech.;Smart city developers | Regional tech hubs | PropTech ventures | Tech investors | Innovation ventures | Digital enterprises
telosa.pro;telosa;12000;VRAI;Telosa, USA;sustainable city, Marc Lore, American innovation, equitism, smart planning, high SEO, geographic;Exclusive Telosa smart city domain—Marc Lore's $400B project. First-mover advantage for sustainable urban tech.;Smart city developers | Regional tech hubs | PropTech ventures | Tech investors | Innovation ventures | Digital enterprises
telosarent.com;telosa,rent;10500;VRAI;Telosa, USA;Telosa, USA, rental services, leasing, property, high SEO, local authority, geographic;Exclusive Telosa smart city domain—Marc Lore's $400B project. First-mover advantage for sustainable urban tech.;Smart city developers | Regional tech hubs | PropTech ventures | Tech investors | Innovation ventures | Digital enterprises
telosax.com;telosa,x;12000;VRAI;Telosa, USA;Telosa, USA, high SEO, local authority, geographic;Exclusive Telosa smart city domain—Marc Lore's $400B project. First-mover advantage for sustainable urban tech.;Smart city developers | Regional tech hubs | PropTech ventures | Tech investors | Innovation ventures | Digital enterprises
theorbit.xyz;the,orbit;6000;FAUX;;concise, brandable, memorable, premium, distinctive;Versatile brandable domain for innovative digital ventures.;Tech investors | Innovation ventures | Digital enterprises
tradingconsultai.com;trading,consult,ai;7000;FAUX;;trading platform, exchange, markets, consulting, advisory, professional services, artificial intelligence, machine learning, automation, cognitive tech;AI-focused domain for machine learning and intelligent automation ventures.;AI startups | ML platforms | Tech investors | Innovation ventures | Digital enterprises
trojena.pro;trojena;10000;VRAI;Trojena, NEOM;geographic domain, local authority, high SEO, regional hub, location-based;Geographic domain anchored in Trojena, NEOM. Local authority with global appeal.;Smart city developers | Regional tech hubs | PropTech ventures | Tech investors | Innovation ventures | Digital enterprises
trojena.today;trojena;10000;VRAI;Trojena, NEOM;geographic domain, local authority, high SEO, regional hub, location-based;Geographic domain anchored in Trojena, NEOM. Local authority with global appeal.;Smart city developers | Regional tech hubs | PropTech ventures | Tech investors | Innovation ventures | Digital enterprises
uaeepay.com;uae,epay;14000;VRAI;UAE;UAE, electronic payments, fintech, digital wallet, high SEO, local authority, geographic;Premium UAE domain for Gulf market dominance. Regional trust and instant brand recognition.;Smart city developers | Regional tech hubs | PropTech ventures | Fintech companies | Payment gateways | Tech investors | Innovation ventures | Digital enterprises
unitsaas.com;unit,saas;10000;FAUX;;software as service, cloud software, subscription;Cloud-native SaaS brand for subscription software platforms.;Tech investors | Innovation ventures | Digital enterprises
vcodely.com;v,code,ly;8000;FAUX;;coding, programming, development;Versatile brandable domain for innovative digital ventures.;Tech investors | Innovation ventures | Digital enterprises
vsaas.xyz;v,saas;10000;FAUX;;software as service, cloud software, subscription, vibe coding;Cloud-native SaaS brand for subscription software platforms.;Tech investors | Innovation ventures | Digital enterprises
xiongannewarea.xyz;xiongannewarea;7000;VRAI;Xiongannewarea;geographic domain, local authority, high SEO, regional hub, location-based;Geographic domain anchored in Xiongannewarea. Local authority with global appeal.;Smart city developers | Regional tech hubs | PropTech ventures | Tech investors | Innovation ventures | Digital enterprises
xvoicely.com;x,voice,ly;8000;FAUX;;voice technology, speech, audio;Voice-tech domain ready for speech AI and conversational platforms.;Voice AI firms | Speech tech | Tech investors | Innovation ventures | Digital enterprises
makerag.com;make,rag;8000;FALSE;;RAG, retrieval-augmented generation, AI, machine learning, vector database, enterprise AI, LLM, semantic search;Exceptional premium domain with clean .com extension and perfect phonetic flow. Instantly communicates value proposition. RAG technology powers 85% of enterprise AI deployments.;Vector database companies | RAG platform providers | LLM application frameworks | Enterprise AI vendors | AI consulting firms | Developer tool companies | B2B SaaS with AI features
createllm.com;create,llm;8000;FALSE;;LLM, large language model, AI development, GPT, model creation, MLOps, AI platform, model training, fine-tuning;Premium domain with strong commercial appeal and action-oriented branding that conveys innovation and capability. LLM market projected at $259.8B by 2030.;LLM development platforms | Enterprise AI companies | MLOps/LLMOps tools | Cloud AI service providers | AI infrastructure platforms | Model training services | Developer-focused AI tools
